Dataset,GTAP_THREAD_avg,GTAP_BLOCK_avg,Speedup(BLOCK/THREAD)
indochina-2004,11.212900,45.370650,4.046290
soc-LiveJournal1,7.857050,122.650550,15.610254
hollywood-2009,4.585550,20.248900,4.415806
road_usa,74.079900,118751.518350,1603.019420
