cutoff,1queue_med,1queue_err_low,1queue_err_high,2queue_med,2queue_err_low,2queue_err_high,Speedup_1queue/2queue
3,206.206000,10.727000,7.023000,196.819000,6.799000,8.820000,1.047693
4,125.675000,1.600000,.968000,120.960000,.922000,.795000,1.038979
5,114.354000,.599000,.350000,112.753500,.344500,.105500,1.014194
6,113.046000,.323000,.192000,110.703500,.241500,.235500,1.021160
7,111.017000,.152000,.147000,108.903000,.186000,.164000,1.019411
8,106.735500,.430500,.137500,103.899500,.227500,.187500,1.027295
9,103.410500,.210500,.056500,101.041500,.246500,.254500,1.023445
10,126.440500,.039500,.052500,123.770000,.143000,.197000,1.021576
