n,GTAP_med,GTAP_err_low,GTAP_err_high,OMP_med,OMP_err_low,OMP_err_high,SEQ_med,SEQ_err_low,SEQ_err_high,Speedup_med(OMP/GTAP)
100,.283500,.016500,.003500,.008000,.001000,0,.004000,0,0,.028218
1000,.967500,.022500,.017500,.035000,0,.001000,.032000,0,.001000,.036175
10000,5.965000,.134000,.031000,.173500,.004500,.003500,.361500,.002500,.001500,.029086
100000,55.162000,1.673000,1.307000,.739000,.012000,.009000,4.254500,.036500,.014500,.013396
1000000,541.249500,11.514500,17.223500,5.786500,.102500,.110500,49.299000,.239000,.222000,.010691
10000000,6681.334000,218.098000,88.701000,64.577500,3.672500,2.690500,556.500500,.209500,.449500,.009665
