n,GTAP_med,GTAP_err_low,GTAP_err_high,OMP_med,OMP_err_low,OMP_err_high,SEQ_med,SEQ_err_low,SEQ_err_high,Speedup_med(OMP/GTAP)
100,.277500,.004500,.001500,.007000,0,.001000,.004000,0,0,.025225
1000,.970000,.019000,.004000,.035000,0,0,.032000,0,0,.036082
10000,5.893500,.108500,.065500,.171500,.004500,.002500,.357000,.001000,.001000,.029099
100000,54.729000,1.066000,.516000,.732500,.011500,.020500,4.189500,.020500,.008500,.013384
1000000,542.453500,5.765500,10.052500,5.732000,.063000,.137000,48.793000,.137000,.134000,.010566
10000000,6665.124500,233.676500,114.145500,65.444500,2.709500,3.039500,551.778500,1.621500,.351500,.009818
